p1_p2_dist,p1_p3_dist,p2_p3_dist,p1_acc,p2_acc,p3_acc,p1_target,p2_target,p3_target,p1_survive,p2_survive,p3_survive
0.20661531276785075,0.28675015916693464,0.13780020629720283,0.321724542511167,0.6641870137304081,0.5513003225770542,2,1,1,0.13,0.75,0.93
0.20661531276785075,0.28675015916693464,0.13780020629720283,0.321724542511167,0.6641870137304081,0.5513003225770542,2,1,2,0.44,0.31,0.94
0.20661531276785075,0.28675015916693464,0.13780020629720283,0.321724542511167,0.6641870137304081,0.5513003225770542,2,3,1,0.37,0.76,0.65
0.20661531276785075,0.28675015916693464,0.13780020629720283,0.321724542511167,0.6641870137304081,0.5513003225770542,2,3,2,0.85,0.39,0.43
0.20661531276785075,0.28675015916693464,0.13780020629720283,0.321724542511167,0.6641870137304081,0.5513003225770542,3,1,1,0.12,0.92,0.66
0.20661531276785075,0.28675015916693464,0.13780020629720283,0.321724542511167,0.6641870137304081,0.5513003225770542,3,1,2,0.52,0.67,0.55
0.20661531276785075,0.28675015916693464,0.13780020629720283,0.321724542511167,0.6641870137304081,0.5513003225770542,3,3,1,0.48,0.97,0.35
0.20661531276785075,0.28675015916693464,0.13780020629720283,0.321724542511167,0.6641870137304081,0.5513003225770542,3,3,2,0.87,0.68,0.22
